ordernumber;name
tm1002;Nr. 11 Bio-Kräuterteemischung
tm1003;Nr. 12 Bio-Kräuterteemischung
tm1004;Nr. 13 Kräuterteemischung
tm1005;Nr. 14 Bio-Kräuterteemischung
tm1006;Nr. 15 Bio-Kräuterteemischung
tm1007;Nr. 21 Bio-Kräuterteemischung 
tm1008;Nr. 22 Bio-Kräuterteemischung
tm1009;Nr. 23 Bio-Kräuterteemischung
tm1010;Nr. 24 Bio-Kräuterteemischung
tm1011;Nr. 25 Bio-Kräuterteemischung 
tm1012;Nr. 26 Bio-Kräuterteemischung 
tm1013;Nr. 27 Bio-Kräuterteemischung 
tm1014;Nr. 28 Bio-Kräuterteemischung
tm1015;Nr. 31 Kräuterteemischung 
tm1016;Nr. 32 Kräuterteemischung
tm1017;Nr. 33 Kräuterteemischung 
tm1019;Nr. 34 Kräuterteemischung 
tm1020;Nr. 35 Bio-Kräuterteemischung 
tm1021;Nr. 36 Bio-Kräuterteemischung 
tm1022;Nr. 41 Kräuterteemischung
tm1023;Nr. 42 Kräuterteemischung
tm1024;Nr. 43 Bio-Kräuterteemischung
tm1025;Nr. 44 Bio-Kräuterteemischung
tm1026;Nr. 45 Bio-Kräuterteemischung 
tm1027;Nr. 46 Bio-Kräuterteemischung
tm1028;Nr. 47 Bio-Kräuterteemischung 
tm1029;Nr. 51 Kräuterteemischung
tm1030;Nr. 52 Bio-Kräuterteemischung
tm1031;Nr. 53 Bio-Kräuterteemischung
tm1032;Nr. 54 Kräuterteemischung 
tm1033;Nr. 55 Bio-Kräuterteemischung
tm1034;Nr. 61 Bio-Kräuterteemischung
tm1035;Nr. 610 Bio-Kräuterteemischung 
tm1036;Nr. 611 Bio-Kräuterteemischung 
tm1037;Nr. 612 Bio-Kräuterteemischung 
tm1038;Nr. 613 Bio-Kräuterteemischung
tm1039;Nr. 62 Bio-Kräuterteemischung
tm1040;Nr. 63 Bio-Kräuterteemischung
tm1041;Nr. 64 Bio-Kräuterteemischung 
tm1042;Nr. 65 Bio-Kräuterteemischung
tm1043;Nr. 66 Bio-Kräuterteemischung 
tm1044;Nr. 67 Bio-Kräuterteemischung
tm1046;Nr. 68 Bio-Kräuterteemischung
tm1047;Nr. 69 Bio-Kräuterteemischung
tm1048;Nr. 71 Bio-Kräuterteemischung 
tm1049;Nr. 72 Bio-Kräuterteemischung
tm1050;Nr. 73 Bio-Kräuterteemischung
tm1051;Nr. 74 Bio-Kräuterteemischung
tm1052;Nr. 76 Bio-Kräuterteemischung 
tm1053;Nr. 81 Bio-Kräuterteemischung 
tm1054;Nr. 83 Bio-Kräuterteemischung 
tm1055;Nr. 84 Kräuterteemischung
tm1056;Nr. 85  Bio-Kräuterteemischung 
tm1057;Nr. 86 Bio-Kräuterteemischung
tm1058;Nr. 91 Bio-Kräuterteemischung
tm1059;Nr. 92 Bio-Kräuterteemischung 
tm1060;Nr. 93 Bio-Kräuterteemischung
tm1061;Nr. 94 Bio-Kräuterteemischung 
tm1062;Nr. 95 Bio-Kräuterteemischung
tm1063;Nr. 96 Bio-Kräuterteemischung 
tm1064;Nr. 82 Kräuterteemischung
